{
    "loss": 140.54229736328125,
    "accuracy": 0.9930139780044556
}