{
    "loss": 135.71278381347656,
    "accuracy": 0.9910179376602173
}